Name,Email,UserName,Phone,Age,Address
Maci,Rudy_Williamson@gmail.com,Jay.Little58,(842) 722-5480,64,Mozambique
Daphney,Salvador_Walsh@hotmail.com,Jerrell.Boyer37,(715) 913-2255,65,"Bonaire, Sint Eustatius and Saba"
Meredith,Walton_Upton64@hotmail.com,Laury.Weissnat,(894) 490-7978,32,Iraq
Devonte,Stan_Aufderhar24@yahoo.com,Lavina58,(456) 244-4635,29,Puerto Rico
Margaret,Janae_Wiegand5@gmail.com,Amalia_Beatty,(364) 222-9824,92,Christmas Island
Abigayle,Talon_Little87@yahoo.com,Mason_Abbott37,(652) 655-7152,76,Suriname
Hiram,Laury_McKenzie68@yahoo.com,Kane.Kozey,(740) 886-0338,48,Equatorial Guinea
Isabell,Lavonne.Koch63@hotmail.com,Libbie.Bosco60,(806) 773-3458,87,United Arab Emirates
Moses,Will_Frami@yahoo.com,Fred18,(270) 911-8334,65,Eritrea
Fleta,Mable_Torp@hotmail.com,Leonora.Cole98,(561) 487-2236,30,Lithuania
Holly,Lexie27@yahoo.com,Ewald.Bode,(921) 307-9532,61,Latvia
Nia,Asa.Schroeder31@gmail.com,Alejandrin77,(386) 530-3540,51,Uzbekistan
Mohammad,Dennis_Kub@hotmail.com,Dax67,(401) 519-7429,71,Kuwait
Libbie,Tessie_Weimann-Dibbert95@hotmail.com,Ebba_Bergstrom-Fisher,(669) 597-3746,83,Mayotte
Yazmin,Andres_Monahan@yahoo.com,Ryan63,(297) 772-8001,45,Trinidad and Tobago
